{"cameraMode":{"drawMode":0,"name":"Shaded","section":"Shading Mode"},"sceneLighting":false,"audioPlay":false,"sceneViewState":{"showFog":true,"showMaterialUpdate":false,"showSkybox":false,"showFlares":true,"showImageEffects":true,"showParticleSystems":true},"in2DMode":false,"pivot":{"x":0.009580016136169434,"y":132.328125,"z":0.0007956922054290772},"rotation":{"x":0.1874285489320755,"y":0.38707804679870608,"z":-0.08068349957466126,"w":0.8991853594779968},"size":1.334521770477295,"orthographic":false}