{"cameraMode":{"drawMode":0,"name":"Shaded","section":"Shading Mode"},"sceneLighting":false,"audioPlay":false,"sceneViewState":{"showFog":true,"showMaterialUpdate":false,"showSkybox":false,"showFlares":true,"showImageEffects":true,"showParticleSystems":true},"in2DMode":false,"pivot":{"x":18.26327133178711,"y":78.5,"z":-6.936979293823242},"rotation":{"x":-0.20698602497577668,"y":0.010523159988224507,"z":-0.0023220416624099018,"w":-0.9783058166503906},"size":4.982192039489746,"orthographic":false}