{"cameraMode":{"drawMode":0,"name":"Shaded","section":"Shading Mode"},"sceneLighting":true,"audioPlay":false,"sceneViewState":{"showFog":true,"showMaterialUpdate":false,"showSkybox":true,"showFlares":true,"showImageEffects":true,"showParticleSystems":true},"in2DMode":false,"pivot":{"x":7.193028926849365,"y":0.8437345027923584,"z":-1.645434856414795},"rotation":{"x":0.34952741861343386,"y":0.15258793532848359,"z":-0.056409772485494617,"w":0.9229503273963928},"size":0.6360374689102173,"orthographic":false}