{"cameraMode":{"drawMode":0,"name":"Shaded","section":"Shading Mode"},"sceneLighting":false,"audioPlay":false,"sceneViewState":{"showFog":true,"showMaterialUpdate":false,"showSkybox":false,"showFlares":true,"showImageEffects":true,"showParticleSystems":true},"in2DMode":false,"pivot":{"x":0.0,"y":-0.011000007390975953,"z":0.003999993205070496},"rotation":{"x":-0.08073275536298752,"y":0.5396314263343811,"z":-0.05225003510713577,"w":-0.8364503979682922},"size":0.1880698800086975,"orthographic":true}