{"cameraMode":{"drawMode":0,"name":"Shaded","section":"Shading Mode"},"sceneLighting":true,"audioPlay":false,"sceneViewState":{"showFog":true,"showMaterialUpdate":false,"showSkybox":true,"showFlares":true,"showImageEffects":true,"showParticleSystems":true},"in2DMode":false,"pivot":{"x":0.36917465925216677,"y":1.5591015815734864,"z":0.8999718427658081},"rotation":{"x":-0.1480933427810669,"y":-0.05659612640738487,"z":0.007633846718817949,"w":-0.9875160455703735},"size":1.9938769340515137,"orthographic":false}