{"cameraMode":{"drawMode":0,"name":"Shaded","section":"Shading Mode"},"sceneLighting":false,"audioPlay":false,"sceneViewState":{"showFog":true,"showMaterialUpdate":false,"showSkybox":false,"showFlares":true,"showImageEffects":true,"showParticleSystems":true},"in2DMode":false,"pivot":{"x":0.0,"y":-0.011000007390975953,"z":0.003999993205070496},"rotation":{"x":-0.23778578639030457,"y":0.042197827249765399,"z":-0.01037383358925581,"w":-0.9703807234764099},"size":0.31108078360557558,"orthographic":false}