{"cameraMode":{"drawMode":0,"name":"Shaded","section":"Shading Mode"},"sceneLighting":false,"audioPlay":false,"sceneViewState":{"showFog":true,"showMaterialUpdate":false,"showSkybox":false,"showFlares":true,"showImageEffects":true,"showParticleSystems":true},"in2DMode":false,"pivot":{"x":0.0,"y":-0.011000007390975953,"z":0.003999993205070496},"rotation":{"x":-0.19595985114574433,"y":0.5828125476837158,"z":-0.1475389450788498,"w":-0.774756133556366},"size":1.9928773641586304,"orthographic":false}