{"cameraMode":{"drawMode":0,"name":"Shaded","section":"Shading Mode"},"sceneLighting":true,"audioPlay":false,"sceneViewState":{"showFog":true,"showMaterialUpdate":false,"showSkybox":true,"showFlares":true,"showImageEffects":true,"showParticleSystems":true},"in2DMode":false,"pivot":{"x":0.08563552796840668,"y":3.291567325592041,"z":7.576353073120117},"rotation":{"x":0.39783501625061037,"y":-0.49692705273628237,"z":0.27428194880485537,"w":0.7208583950996399},"size":4.810836315155029,"orthographic":false}