{"cameraMode":{"drawMode":0,"name":"Shaded","section":"Shading Mode"},"sceneLighting":true,"audioPlay":false,"sceneViewState":{"showFog":true,"showMaterialUpdate":false,"showSkybox":true,"showFlares":true,"showImageEffects":true,"showParticleSystems":true},"in2DMode":false,"pivot":{"x":-156.59210205078126,"y":0.9800000190734863,"z":-157.94639587402345},"rotation":{"x":0.25018227100372317,"y":0.4651542603969574,"z":-0.13823279738426209,"w":0.8380790948867798},"size":115.2868423461914,"orthographic":false}